{"Loss": 2.1297943592071533, "Perplexity": 8.413136549469645, "_timestamp": 1725654893.93444, "_runtime": 153.18307900428772, "_step": 165}