{"Loss": 1.7334723472595215, "Perplexity": 5.660274262196113, "_timestamp": 1725654934.6902208, "_runtime": 193.9388599395752, "_step": 227}