{"Loss": 2.0407564640045166, "Perplexity": 7.6964290688943136, "_timestamp": 1725655128.4022655, "_runtime": 387.65090465545654, "_step": 567}