{"Loss": 5.477659225463867, "Perplexity": 239.28593688374966, "_timestamp": 1725653623.7367432, "_runtime": 745.1281270980835, "_step": 1562}