{"Loss": 2.9600226879119873, "Perplexity": 19.29840959115425, "_timestamp": 1725655128.533379, "_runtime": 387.77923703193665, "_step": 569}