{"Loss": 2.5390732288360596, "Perplexity": 12.667925261043125, "_timestamp": 1725654934.4267635, "_runtime": 193.67262148857117, "_step": 227}