{"Loss": 2.743187189102173, "Perplexity": 15.536423789846522, "_timestamp": 1725654889.799269, "_runtime": 149.04512691497803, "_step": 165}