{"Loss": 4.519461154937744, "Perplexity": 91.78612614966922, "_timestamp": 1725654681.4314528, "_runtime": 998.4150886535645, "_step": 2607}