{"n_miners": 2, "_timestamp": 1725653613.5688412, "_runtime": 729.9881491661072, "_step": 94, "avg_loss": 5.378987738580415, "block_epsilon": 5.935914581951324e-12, "threshold": 4.8373197714200575, "best_uid": 1}