{"n_miners": 2, "_timestamp": 1725652788.4740705, "_runtime": 1.0674476623535156, "_step": 0}