{"Loss": 5.534900188446045, "Perplexity": 253.38249587424676, "_timestamp": 1725653621.3262491, "_runtime": 742.724612236023, "_step": 1550}