{"n_miners": 2, "_timestamp": 1725654891.558231, "_runtime": 145.5637800693512, "_step": 4}