{"n_miners": 2, "_timestamp": 1725654920.2425563, "_runtime": 174.24810528755188, "_step": 5}