{"n_miners": 2, "_timestamp": 1725655106.1421885, "_runtime": 360.14773750305176, "_step": 14}