{"Loss": 2.8423235416412354, "Perplexity": 17.155580969587565, "_timestamp": 1725654679.070784, "_runtime": 996.0551471710205, "_step": 2586}