{"n_miners": 2, "_timestamp": 1725654669.3570051, "_runtime": 979.4690320491791, "_step": 78, "AvgLoss": 4.14932361568313, "Epsilon": 0.01127387147274501, "Threshold": 4.052413083602094, "BestLoss": [4.098620403243835], "BestUID": 1, "Temperature": 759.375}